Error_medio_x,Error_medio_y,Error_medio_z
4.784969035736146,4.5227961143270905,1.396334588580954
