tiempo_mqtt,tiempo_sincronizacion,tiempo_descifrado,tiempo_total
1.0787911500010523,16.332937873998162,0.16365919500094606,18.40858802799994
0.9751285370002734,16.64161750800031,0.17583273999935045,18.625223989000006
0.9787442770002599,17.19404526800008,0.16303581500051223,19.169820396000432
