tiempo_mqtt,tiempo_sincronizacion,tiempo_descifrado,tiempo_total
1.0787911500010523,16.332937873998162,0.16365919500094606,18.40858802799994
