Error_medio_x,Error_medio_y,Error_medio_z
4.2861807852956346e-17,4.7145273796012075e-17,1.2171687269191267e-18
