Error_medio_x,Error_medio_y,Error_medio_z
2.9314137922620277e-17,5.028338856405412e-17,7.98146271296929e-19
