a,hamming_abs,hamming_norm
0.0,239977,0.479954
0.02,240169,0.480338
0.04,241748,0.483496
0.06,241263,0.482526
0.08,242940,0.48588
0.1,244872,0.489744
0.12,243103,0.486206
0.14,245879,0.491758
0.16,245506,0.491012
0.18,243343,0.486686
0.2,178360,0.35672
0.22,243411,0.486822
0.24,244843,0.489686
0.26,242445,0.48489
0.28,242498,0.484996
0.3,240048,0.480096
0.32,243337,0.486674
0.34,236905,0.47381
0.36,239766,0.479532
0.38,232227,0.464454
