tiempo_mqtt,tiempo_sincronizacion,tiempo_descifrado,tiempo_total
1.9865814820004744,2.4898815130000003,0.4631673839994619,5.783471128999736
