tiempo_mqtt,tiempo_sincronizacion,tiempo_descifrado,tiempo_total
1.9865814820004744,2.4898815130000003,0.4631673839994619,5.783471128999736
1.71351180900092,2.500105077999251,0.4683196309997584,5.524163000000044
1.9102662040004361,2.4902142320006533,0.4611455569993268,5.706014964000133
1.9450784939999721,2.5421021049987758,0.46924120700168714,5.801654840999618
1.780356908999238,0.48986032100037846,0.4619789190001029,3.6207146540000394
1.9544869080000353,0.46794875799969304,0.47129252899867424,3.7796319330009283
1.733620738999889,0.47440929200092796,0.47184123099941644,3.525981792001403
11.44343269700039,0.48242488899995806,0.4792507410002145,13.248549844000081
