tiempo_mqtt,tiempo_sincronizacion,tiempo_descifrado,tiempo_total
0.9017793970015191,3.8303327430003264,0.1643704180023633,5.715682182999444
0.6556943770010548,3.8006732470021234,0.1654344519993174,5.630630997002299
0.6571769389993278,3.7743720930011477,0.1655995380024251,5.5458486690004065
0.6519979789991339,3.7967761010004324,0.16447270199932973,5.56385476899959
0.6523290920013096,3.7095564499977627,0.16512331099875155,5.4501518580000266
0.6560892250017787,3.740395616998285,0.1788510190017405,5.589209179001045
0.8994066960001419,3.8827432649998173,0.17375236199995925,5.911117445999935
