tiempo_mqtt,tiempo_sincronizacion,tiempo_descifrado,tiempo_total
0.9017793970015191,3.8303327430003264,0.1643704180023633,5.715682182999444
