tiempo_mqtt,tiempo_sincronizacion,tiempo_descifrado,tiempo_total
1.2055784160002077,17.54466650700124,0.16289101899747038,19.747772478000115
