tiempo_mqtt,tiempo_sincronizacion,tiempo_descifrado,tiempo_total
3.2164525680000224,93.1792771950004,0.4754748150007799,97.77780095399976
2.8416817220022494,93.44814500099892,0.47562119500071276,97.672148509002
2.8274420660018222,93.41403287100184,0.4653142460010713,97.61372162799671
2.8242825339984847,93.76631525700213,0.46886376999827917,97.96688874900065
1.2736386549986491,16.68973771400124,0.16085811399898375,18.959899377998227
1.3865961599985894,16.4824940590006,0.16958451900063665,18.892918427998666
1.2031360080000013,16.528518286999315,0.1605821909979568,18.725478493997798
